{
  "type": "FeatureCollection",
  "features": [
    {
      "type": "Feature",
      "properties": {
        "road_id": "REAL_R001",
        "from": "L001",
        "to": "L002",
        "distance_km": 0.328
      },
      "geometry": {
        "type": "LineString",
        "coordinates": [
          [
            72.877671,
            19.07596
          ],
          [
            72.878127,
            19.07567
          ],
          [
            72.87816,
            19.075648
          ],
          [
            72.878207,
            19.075618
          ],
          [
            72.878287,
            19.075565
          ],
          [
            72.878446,
            19.075471
          ],
          [
            72.878569,
            19.075391
          ],
          [
            72.878684,
            19.075331
          ],
          [
            72.878864,
            19.075232
          ],
          [
            72.87948,
            19.074938
          ],
          [
            72.879784,
            19.075537
          ],
          [
            72.880015,
            19.075967
          ],
          [
            72.880121,
            19.076413
          ],
          [
            72.880155,
            19.076556
          ],
          [
            72.880207,
            19.076772
          ],
          [
            72.880219,
            19.076822
          ],
          [
            72.880239,
            19.076953
          ],
          [
            72.880239,
            19.077116
          ],
          [
            72.880243,
            19.07746
          ],
          [
            72.880244,
            19.07763
          ],
          [
            72.880245,
            19.077731
          ],
          [
            72.880247,
            19.077885
          ],
          [
            72.880128,
            19.077885
          ],
          [
            72.879956,
            19.077883
          ],
          [
            72.879941,
            19.077886
          ],
          [
            72.879933,
            19.077895
          ],
          [
            72.879931,
            19.077906
          ],
          [
            72.879928,
            19.077998
          ]
        ]
      }
    },
    {
      "type": "Feature",
      "properties": {
        "road_id": "REAL_R002",
        "from": "L001",
        "to": "L003",
        "distance_km": 0.634
      },
      "geometry": {
        "type": "LineString",
        "coordinates": [
          [
            72.877671,
            19.07596
          ],
          [
            72.878127,
            19.07567
          ],
          [
            72.87816,
            19.075648
          ],
          [
            72.878207,
            19.075618
          ],
          [
            72.878287,
            19.075565
          ],
          [
            72.878446,
            19.075471
          ],
          [
            72.878569,
            19.075391
          ],
          [
            72.878684,
            19.075331
          ],
          [
            72.878864,
            19.075232
          ],
          [
            72.87948,
            19.074938
          ],
          [
            72.879784,
            19.075537
          ],
          [
            72.880015,
            19.075967
          ],
          [
            72.880318,
            19.076063
          ],
          [
            72.880853,
            19.076092
          ],
          [
            72.88141,
            19.076123
          ],
          [
            72.881683,
            19.076138
          ],
          [
            72.881941,
            19.077332
          ],
          [
            72.881948,
            19.077362
          ],
          [
            72.881983,
            19.077523
          ],
          [
            72.882036,
            19.077782
          ],
          [
            72.882306,
            19.079083
          ],
          [
            72.882365,
            19.079381
          ],
          [
            72.882396,
            19.079521
          ],
          [
            72.882408,
            19.079577
          ],
          [
            72.882476,
            19.079914
          ]
        ]
      }
    },
    {
      "type": "Feature",
      "properties": {
        "road_id": "REAL_R003",
        "from": "L001",
        "to": "L004",
        "distance_km": 1.017
      },
      "geometry": {
        "type": "LineString",
        "coordinates": [
          [
            72.877671,
            19.07596
          ],
          [
            72.878127,
            19.07567
          ],
          [
            72.87816,
            19.075648
          ],
          [
            72.878207,
            19.075618
          ],
          [
            72.878287,
            19.075565
          ],
          [
            72.878446,
            19.075471
          ],
          [
            72.878569,
            19.075391
          ],
          [
            72.878684,
            19.075331
          ],
          [
            72.878864,
            19.075232
          ],
          [
            72.87948,
            19.074938
          ],
          [
            72.879784,
            19.075537
          ],
          [
            72.880015,
            19.075967
          ],
          [
            72.880318,
            19.076063
          ],
          [
            72.880853,
            19.076092
          ],
          [
            72.88141,
            19.076123
          ],
          [
            72.881683,
            19.076138
          ],
          [
            72.882106,
            19.076173
          ],
          [
            72.882546,
            19.076209
          ],
          [
            72.883067,
            19.076245
          ],
          [
            72.883513,
            19.076301
          ],
          [
            72.883683,
            19.076354
          ],
          [
            72.883861,
            19.076451
          ],
          [
            72.884136,
            19.07667
          ],
          [
            72.884312,
            19.076964
          ],
          [
            72.88442,
            19.077003
          ],
          [
            72.884798,
            19.077075
          ],
          [
            72.884889,
            19.077092
          ],
          [
            72.885035,
            19.077128
          ],
          [
            72.885345,
            19.077201
          ],
          [
            72.885736,
            19.077308
          ],
          [
            72.885724,
            19.077373
          ],
          [
            72.885494,
            19.07843
          ],
          [
            72.885445,
            19.078658
          ],
          [
            72.88544,
            19.078712
          ],
          [
            72.885406,
            19.079108
          ],
          [
            72.88539,
            19.079285
          ],
          [
            72.885381,
            19.079522
          ],
          [
            72.885341,
            19.080647
          ],
          [
            72.885336,
            19.080675
          ],
          [
            72.885316,
            19.081126
          ],
          [
            72.885314,
            19.08118
          ],
          [
            72.885308,
            19.0813
          ],
          [
            72.885294,
            19.081674
          ],
          [
            72.885292,
            19.081808
          ],
          [
            72.885292,
            19.081988
          ],
          [
            72.885291,
            19.082012
          ]
        ]
      }
    },
    {
      "type": "Feature",
      "properties": {
        "road_id": "REAL_R004",
        "from": "L001",
        "to": "L005",
        "distance_km": 0.361
      },
      "geometry": {
        "type": "LineString",
        "coordinates": [
          [
            72.877671,
            19.07596
          ],
          [
            72.878127,
            19.07567
          ],
          [
            72.87816,
            19.075648
          ],
          [
            72.878207,
            19.075618
          ],
          [
            72.878287,
            19.075565
          ],
          [
            72.878446,
            19.075471
          ],
          [
            72.878569,
            19.075391
          ],
          [
            72.878684,
            19.075331
          ],
          [
            72.878864,
            19.075232
          ],
          [
            72.87948,
            19.074938
          ],
          [
            72.879784,
            19.075537
          ],
          [
            72.880015,
            19.075967
          ],
          [
            72.880069,
            19.075667
          ],
          [
            72.880046,
            19.075219
          ],
          [
            72.879941,
            19.074906
          ],
          [
            72.879817,
            19.074746
          ],
          [
            72.879613,
            19.074508
          ],
          [
            72.879529,
            19.074427
          ],
          [
            72.879122,
            19.074121
          ],
          [
            72.879015,
            19.07381
          ],
          [
            72.878861,
            19.073368
          ],
          [
            72.878732,
            19.073028
          ],
          [
            72.878615,
            19.07272
          ],
          [
            72.878594,
            19.072663
          ],
          [
            72.878089,
            19.071326
          ],
          [
            72.87771,
            19.070416
          ],
          [
            72.877252,
            19.070447
          ],
          [
            72.876845,
            19.07049
          ],
          [
            72.876451,
            19.070556
          ],
          [
            72.875483,
            19.070718
          ],
          [
            72.875355,
            19.070757
          ],
          [
            72.875365,
            19.070829
          ],
          [
            72.875394,
            19.071039
          ],
          [
            72.875411,
            19.071159
          ],
          [
            72.875426,
            19.071267
          ],
          [
            72.875456,
            19.071485
          ],
          [
            72.875717,
            19.07327
          ],
          [
            72.875649,
            19.073299
          ],
          [
            72.875403,
            19.073444
          ],
          [
            72.875196,
            19.073576
          ],
          [
            72.87508,
            19.073619
          ],
          [
            72.874915,
            19.073698
          ],
          [
            72.875026,
            19.073954
          ],
          [
            72.875039,
            19.073986
          ]
        ]
      }
    },
    {
      "type": "Feature",
      "properties": {
        "road_id": "REAL_R005",
        "from": "L001",
        "to": "L006",
        "distance_km": 1.635
      },
      "geometry": {
        "type": "LineString",
        "coordinates": [
          [
            72.877671,
            19.07596
          ],
          [
            72.878127,
            19.07567
          ],
          [
            72.87816,
            19.075648
          ],
          [
            72.878207,
            19.075618
          ],
          [
            72.878287,
            19.075565
          ],
          [
            72.878446,
            19.075471
          ],
          [
            72.878569,
            19.075391
          ],
          [
            72.878684,
            19.075331
          ],
          [
            72.878864,
            19.075232
          ],
          [
            72.87948,
            19.074938
          ],
          [
            72.879784,
            19.075537
          ],
          [
            72.880015,
            19.075967
          ],
          [
            72.880121,
            19.076413
          ],
          [
            72.880155,
            19.076556
          ],
          [
            72.880207,
            19.076772
          ],
          [
            72.880219,
            19.076822
          ],
          [
            72.880239,
            19.076953
          ],
          [
            72.880239,
            19.077116
          ],
          [
            72.880243,
            19.07746
          ],
          [
            72.880244,
            19.07763
          ],
          [
            72.880245,
            19.077731
          ],
          [
            72.880247,
            19.077885
          ],
          [
            72.880254,
            19.07854
          ],
          [
            72.880295,
            19.079184
          ],
          [
            72.880312,
            19.079452
          ],
          [
            72.880318,
            19.079556
          ],
          [
            72.880324,
            19.079653
          ],
          [
            72.880208,
            19.079721
          ],
          [
            72.880305,
            19.079848
          ],
          [
            72.880377,
            19.07994
          ],
          [
            72.880461,
            19.080047
          ],
          [
            72.881422,
            19.081256
          ],
          [
            72.881995,
            19.082311
          ],
          [
            72.882226,
            19.082735
          ],
          [
            72.882276,
            19.082829
          ],
          [
            72.882523,
            19.083283
          ],
          [
            72.882577,
            19.083402
          ],
          [
            72.882585,
            19.083412
          ],
          [
            72.882648,
            19.083497
          ],
          [
            72.882778,
            19.083632
          ],
          [
            72.882862,
            19.083725
          ],
          [
            72.882914,
            19.083755
          ],
          [
            72.88338,
            19.084028
          ],
          [
            72.884146,
            19.084292
          ],
          [
            72.884501,
            19.08442
          ],
          [
            72.884785,
            19.084514
          ],
          [
            72.884942,
            19.084566
          ],
          [
            72.885053,
            19.084609
          ],
          [
            72.885935,
            19.084951
          ],
          [
            72.886083,
            19.085001
          ],
          [
            72.886214,
            19.085029
          ],
          [
            72.886373,
            19.085065
          ],
          [
            72.886621,
            19.085094
          ],
          [
            72.886679,
            19.085101
          ],
          [
            72.886942,
            19.085086
          ],
          [
            72.887013,
            19.085082
          ],
          [
            72.887326,
            19.085059
          ],
          [
            72.887705,
            19.085023
          ],
          [
            72.887922,
            19.084995
          ],
          [
            72.888209,
            19.084957
          ],
          [
            72.888332,
            19.084943
          ],
          [
            72.888382,
            19.084937
          ],
          [
            72.888505,
            19.084923
          ],
          [
            72.889515,
            19.08481
          ],
          [
            72.889558,
            19.084805
          ],
          [
            72.889966,
            19.084754
          ]
        ]
      }
    },
    {
      "type": "Feature",
      "properties": {
        "road_id": "REAL_R006",
        "from": "L001",
        "to": "L007",
        "distance_km": 0.897
      },
      "geometry": {
        "type": "LineString",
        "coordinates": [
          [
            72.877671,
            19.07596
          ],
          [
            72.878127,
            19.07567
          ],
          [
            72.87816,
            19.075648
          ],
          [
            72.878207,
            19.075618
          ],
          [
            72.878287,
            19.075565
          ],
          [
            72.878446,
            19.075471
          ],
          [
            72.878569,
            19.075391
          ],
          [
            72.878684,
            19.075331
          ],
          [
            72.878864,
            19.075232
          ],
          [
            72.87948,
            19.074938
          ],
          [
            72.879784,
            19.075537
          ],
          [
            72.880015,
            19.075967
          ],
          [
            72.880069,
            19.075667
          ],
          [
            72.880046,
            19.075219
          ],
          [
            72.879941,
            19.074906
          ],
          [
            72.879817,
            19.074746
          ],
          [
            72.879613,
            19.074508
          ],
          [
            72.879529,
            19.074427
          ],
          [
            72.879122,
            19.074121
          ],
          [
            72.879015,
            19.07381
          ],
          [
            72.878861,
            19.073368
          ],
          [
            72.878732,
            19.073028
          ],
          [
            72.878615,
            19.07272
          ],
          [
            72.878594,
            19.072663
          ],
          [
            72.878089,
            19.071326
          ],
          [
            72.87771,
            19.070416
          ],
          [
            72.877252,
            19.070447
          ],
          [
            72.876845,
            19.07049
          ],
          [
            72.876451,
            19.070556
          ],
          [
            72.875483,
            19.070718
          ],
          [
            72.875355,
            19.070757
          ],
          [
            72.874235,
            19.070901
          ],
          [
            72.874084,
            19.070922
          ],
          [
            72.87397,
            19.070879
          ],
          [
            72.872835,
            19.071015
          ],
          [
            72.872688,
            19.071033
          ],
          [
            72.872592,
            19.071034
          ],
          [
            72.872436,
            19.071036
          ],
          [
            72.8723,
            19.071008
          ],
          [
            72.87243,
            19.07076
          ],
          [
            72.87246,
            19.070687
          ],
          [
            72.872477,
            19.070615
          ],
          [
            72.872476,
            19.070284
          ],
          [
            72.872446,
            19.070166
          ],
          [
            72.872018,
            19.068994
          ],
          [
            72.871928,
            19.068915
          ],
          [
            72.871875,
            19.068997
          ],
          [
            72.87191,
            19.069019
          ],
          [
            72.871937,
            19.069044
          ],
          [
            72.87195,
            19.069076
          ],
          [
            72.872255,
            19.069917
          ]
        ]
      }
    },
    {
      "type": "Feature",
      "properties": {
        "road_id": "REAL_R007",
        "from": "L001",
        "to": "L009",
        "distance_km": 1.353
      },
      "geometry": {
        "type": "LineString",
        "coordinates": [
          [
            72.877671,
            19.07596
          ],
          [
            72.878127,
            19.07567
          ],
          [
            72.87816,
            19.075648
          ],
          [
            72.878207,
            19.075618
          ],
          [
            72.878287,
            19.075565
          ],
          [
            72.878446,
            19.075471
          ],
          [
            72.878569,
            19.075391
          ],
          [
            72.878684,
            19.075331
          ],
          [
            72.878864,
            19.075232
          ],
          [
            72.87948,
            19.074938
          ],
          [
            72.879784,
            19.075537
          ],
          [
            72.880015,
            19.075967
          ],
          [
            72.880069,
            19.075667
          ],
          [
            72.880046,
            19.075219
          ],
          [
            72.879941,
            19.074906
          ],
          [
            72.879817,
            19.074746
          ],
          [
            72.879613,
            19.074508
          ],
          [
            72.879529,
            19.074427
          ],
          [
            72.879122,
            19.074121
          ],
          [
            72.879015,
            19.07381
          ],
          [
            72.878861,
            19.073368
          ],
          [
            72.878732,
            19.073028
          ],
          [
            72.878615,
            19.07272
          ],
          [
            72.878594,
            19.072663
          ],
          [
            72.878089,
            19.071326
          ],
          [
            72.87771,
            19.070416
          ],
          [
            72.877252,
            19.070447
          ],
          [
            72.876845,
            19.07049
          ],
          [
            72.876451,
            19.070556
          ],
          [
            72.875483,
            19.070718
          ],
          [
            72.875355,
            19.070757
          ],
          [
            72.874235,
            19.070901
          ],
          [
            72.874084,
            19.070922
          ],
          [
            72.87397,
            19.070879
          ],
          [
            72.872835,
            19.071015
          ],
          [
            72.872688,
            19.071033
          ],
          [
            72.872592,
            19.071034
          ],
          [
            72.872436,
            19.071036
          ],
          [
            72.8723,
            19.071008
          ],
          [
            72.872175,
            19.070981
          ],
          [
            72.871974,
            19.07094
          ],
          [
            72.871724,
            19.070884
          ],
          [
            72.871473,
            19.07082
          ],
          [
            72.871199,
            19.070714
          ],
          [
            72.870931,
            19.070585
          ],
          [
            72.870661,
            19.070428
          ],
          [
            72.869084,
            19.069449
          ],
          [
            72.868726,
            19.069227
          ],
          [
            72.868656,
            19.069097
          ],
          [
            72.868649,
            19.068998
          ],
          [
            72.868651,
            19.068871
          ],
          [
            72.86902,
            19.068347
          ],
          [
            72.869486,
            19.067684
          ],
          [
            72.869581,
            19.067548
          ],
          [
            72.869635,
            19.06748
          ],
          [
            72.869602,
            19.067453
          ],
          [
            72.869574,
            19.067433
          ],
          [
            72.869417,
            19.067321
          ],
          [
            72.868924,
            19.066819
          ],
          [
            72.868853,
            19.066879
          ],
          [
            72.868517,
            19.067371
          ],
          [
            72.868406,
            19.067533
          ],
          [
            72.868365,
            19.067552
          ],
          [
            72.868356,
            19.0676
          ],
          [
            72.868351,
            19.067629
          ],
          [
            72.868349,
            19.067644
          ],
          [
            72.868304,
            19.067778
          ],
          [
            72.868248,
            19.067873
          ]
        ]
      }
    },
    {
      "type": "Feature",
      "properties": {
        "road_id": "REAL_R008",
        "from": "L002",
        "to": "L003",
        "distance_km": 0.306
      },
      "geometry": {
        "type": "LineString",
        "coordinates": [
          [
            72.879928,
            19.077998
          ],
          [
            72.879931,
            19.077906
          ],
          [
            72.879933,
            19.077895
          ],
          [
            72.879941,
            19.077886
          ],
          [
            72.879956,
            19.077883
          ],
          [
            72.880128,
            19.077885
          ],
          [
            72.880247,
            19.077885
          ],
          [
            72.880254,
            19.07854
          ],
          [
            72.880295,
            19.079184
          ],
          [
            72.880312,
            19.079452
          ],
          [
            72.880318,
            19.079556
          ],
          [
            72.880324,
            19.079653
          ],
          [
            72.880208,
            19.079721
          ],
          [
            72.880305,
            19.079848
          ],
          [
            72.880377,
            19.07994
          ],
          [
            72.880461,
            19.080047
          ],
          [
            72.881422,
            19.081256
          ],
          [
            72.88154,
            19.081245
          ],
          [
            72.881849,
            19.081203
          ],
          [
            72.882051,
            19.081195
          ],
          [
            72.88243,
            19.081205
          ],
          [
            72.882675,
            19.081204
          ],
          [
            72.882588,
            19.080634
          ],
          [
            72.88253,
            19.080181
          ],
          [
            72.882476,
            19.079914
          ]
        ]
      }
    },
    {
      "type": "Feature",
      "properties": {
        "road_id": "REAL_R009",
        "from": "L002",
        "to": "L004",
        "distance_km": 0.688
      },
      "geometry": {
        "type": "LineString",
        "coordinates": [
          [
            72.879928,
            19.077998
          ],
          [
            72.879931,
            19.077906
          ],
          [
            72.879933,
            19.077895
          ],
          [
            72.879941,
            19.077886
          ],
          [
            72.879956,
            19.077883
          ],
          [
            72.880128,
            19.077885
          ],
          [
            72.880247,
            19.077885
          ],
          [
            72.880254,
            19.07854
          ],
          [
            72.880295,
            19.079184
          ],
          [
            72.880312,
            19.079452
          ],
          [
            72.880318,
            19.079556
          ],
          [
            72.880324,
            19.079653
          ],
          [
            72.880208,
            19.079721
          ],
          [
            72.880305,
            19.079848
          ],
          [
            72.880377,
            19.07994
          ],
          [
            72.880461,
            19.080047
          ],
          [
            72.881422,
            19.081256
          ],
          [
            72.881995,
            19.082311
          ],
          [
            72.882226,
            19.082735
          ],
          [
            72.882276,
            19.082829
          ],
          [
            72.882523,
            19.083283
          ],
          [
            72.882577,
            19.083402
          ],
          [
            72.882585,
            19.083412
          ],
          [
            72.882648,
            19.083497
          ],
          [
            72.882778,
            19.083632
          ],
          [
            72.882862,
            19.083725
          ],
          [
            72.882914,
            19.083755
          ],
          [
            72.88338,
            19.084028
          ],
          [
            72.884146,
            19.084292
          ],
          [
            72.884501,
            19.08442
          ],
          [
            72.884785,
            19.084514
          ],
          [
            72.884942,
            19.084566
          ],
          [
            72.884946,
            19.084486
          ],
          [
            72.884957,
            19.084404
          ],
          [
            72.885003,
            19.084077
          ],
          [
            72.885017,
            19.083977
          ],
          [
            72.885034,
            19.083862
          ],
          [
            72.885053,
            19.083728
          ],
          [
            72.885181,
            19.082895
          ],
          [
            72.885221,
            19.082703
          ],
          [
            72.885277,
            19.082305
          ],
          [
            72.885291,
            19.082012
          ]
        ]
      }
    },
    {
      "type": "Feature",
      "properties": {
        "road_id": "REAL_R010",
        "from": "L002",
        "to": "L005",
        "distance_km": 0.688
      },
      "geometry": {
        "type": "LineString",
        "coordinates": [
          [
            72.879928,
            19.077998
          ],
          [
            72.879931,
            19.077906
          ],
          [
            72.879933,
            19.077895
          ],
          [
            72.879941,
            19.077886
          ],
          [
            72.879956,
            19.077883
          ],
          [
            72.880128,
            19.077885
          ],
          [
            72.880247,
            19.077885
          ],
          [
            72.880245,
            19.077731
          ],
          [
            72.880244,
            19.07763
          ],
          [
            72.880243,
            19.07746
          ],
          [
            72.880239,
            19.077116
          ],
          [
            72.880239,
            19.076953
          ],
          [
            72.880219,
            19.076822
          ],
          [
            72.880207,
            19.076772
          ],
          [
            72.880155,
            19.076556
          ],
          [
            72.880121,
            19.076413
          ],
          [
            72.880015,
            19.075967
          ],
          [
            72.880069,
            19.075667
          ],
          [
            72.880046,
            19.075219
          ],
          [
            72.879941,
            19.074906
          ],
          [
            72.879817,
            19.074746
          ],
          [
            72.879613,
            19.074508
          ],
          [
            72.879529,
            19.074427
          ],
          [
            72.879122,
            19.074121
          ],
          [
            72.879015,
            19.07381
          ],
          [
            72.878861,
            19.073368
          ],
          [
            72.878732,
            19.073028
          ],
          [
            72.878615,
            19.07272
          ],
          [
            72.878594,
            19.072663
          ],
          [
            72.878089,
            19.071326
          ],
          [
            72.87771,
            19.070416
          ],
          [
            72.877252,
            19.070447
          ],
          [
            72.876845,
            19.07049
          ],
          [
            72.876451,
            19.070556
          ],
          [
            72.875483,
            19.070718
          ],
          [
            72.875355,
            19.070757
          ],
          [
            72.875365,
            19.070829
          ],
          [
            72.875394,
            19.071039
          ],
          [
            72.875411,
            19.071159
          ],
          [
            72.875426,
            19.071267
          ],
          [
            72.875456,
            19.071485
          ],
          [
            72.875717,
            19.07327
          ],
          [
            72.875649,
            19.073299
          ],
          [
            72.875403,
            19.073444
          ],
          [
            72.875196,
            19.073576
          ],
          [
            72.87508,
            19.073619
          ],
          [
            72.874915,
            19.073698
          ],
          [
            72.875026,
            19.073954
          ],
          [
            72.875039,
            19.073986
          ]
        ]
      }
    },
    {
      "type": "Feature",
      "properties": {
        "road_id": "REAL_R011",
        "from": "L002",
        "to": "L006",
        "distance_km": 1.308
      },
      "geometry": {
        "type": "LineString",
        "coordinates": [
          [
            72.879928,
            19.077998
          ],
          [
            72.879931,
            19.077906
          ],
          [
            72.879933,
            19.077895
          ],
          [
            72.879941,
            19.077886
          ],
          [
            72.879956,
            19.077883
          ],
          [
            72.880128,
            19.077885
          ],
          [
            72.880247,
            19.077885
          ],
          [
            72.880254,
            19.07854
          ],
          [
            72.880295,
            19.079184
          ],
          [
            72.880312,
            19.079452
          ],
          [
            72.880318,
            19.079556
          ],
          [
            72.880324,
            19.079653
          ],
          [
            72.880208,
            19.079721
          ],
          [
            72.880305,
            19.079848
          ],
          [
            72.880377,
            19.07994
          ],
          [
            72.880461,
            19.080047
          ],
          [
            72.881422,
            19.081256
          ],
          [
            72.881995,
            19.082311
          ],
          [
            72.882226,
            19.082735
          ],
          [
            72.882276,
            19.082829
          ],
          [
            72.882523,
            19.083283
          ],
          [
            72.882577,
            19.083402
          ],
          [
            72.882585,
            19.083412
          ],
          [
            72.882648,
            19.083497
          ],
          [
            72.882778,
            19.083632
          ],
          [
            72.882862,
            19.083725
          ],
          [
            72.882914,
            19.083755
          ],
          [
            72.88338,
            19.084028
          ],
          [
            72.884146,
            19.084292
          ],
          [
            72.884501,
            19.08442
          ],
          [
            72.884785,
            19.084514
          ],
          [
            72.884942,
            19.084566
          ],
          [
            72.885053,
            19.084609
          ],
          [
            72.885935,
            19.084951
          ],
          [
            72.886083,
            19.085001
          ],
          [
            72.886214,
            19.085029
          ],
          [
            72.886373,
            19.085065
          ],
          [
            72.886621,
            19.085094
          ],
          [
            72.886679,
            19.085101
          ],
          [
            72.886942,
            19.085086
          ],
          [
            72.887013,
            19.085082
          ],
          [
            72.887326,
            19.085059
          ],
          [
            72.887705,
            19.085023
          ],
          [
            72.887922,
            19.084995
          ],
          [
            72.888209,
            19.084957
          ],
          [
            72.888332,
            19.084943
          ],
          [
            72.888382,
            19.084937
          ],
          [
            72.888505,
            19.084923
          ],
          [
            72.889515,
            19.08481
          ],
          [
            72.889558,
            19.084805
          ],
          [
            72.889966,
            19.084754
          ]
        ]
      }
    },
    {
      "type": "Feature",
      "properties": {
        "road_id": "REAL_R012",
        "from": "L002",
        "to": "L007",
        "distance_km": 1.224
      },
      "geometry": {
        "type": "LineString",
        "coordinates": [
          [
            72.879928,
            19.077998
          ],
          [
            72.879931,
            19.077906
          ],
          [
            72.879933,
            19.077895
          ],
          [
            72.879941,
            19.077886
          ],
          [
            72.879956,
            19.077883
          ],
          [
            72.880128,
            19.077885
          ],
          [
            72.880247,
            19.077885
          ],
          [
            72.880254,
            19.07854
          ],
          [
            72.880295,
            19.079184
          ],
          [
            72.880066,
            19.079313
          ],
          [
            72.879269,
            19.078263
          ],
          [
            72.879081,
            19.078015
          ],
          [
            72.87887,
            19.077737
          ],
          [
            72.878432,
            19.07718
          ],
          [
            72.878183,
            19.076863
          ],
          [
            72.877825,
            19.076398
          ],
          [
            72.877531,
            19.076049
          ],
          [
            72.877359,
            19.075879
          ],
          [
            72.877275,
            19.075934
          ],
          [
            72.877089,
            19.076055
          ],
          [
            72.87696,
            19.076135
          ],
          [
            72.876825,
            19.076211
          ],
          [
            72.876684,
            19.076278
          ],
          [
            72.876546,
            19.076338
          ],
          [
            72.876398,
            19.076387
          ],
          [
            72.876277,
            19.076409
          ],
          [
            72.876259,
            19.076412
          ],
          [
            72.876238,
            19.076416
          ],
          [
            72.87609,
            19.076434
          ],
          [
            72.875946,
            19.076429
          ],
          [
            72.875796,
            19.076413
          ],
          [
            72.875662,
            19.076391
          ],
          [
            72.875524,
            19.076361
          ],
          [
            72.875385,
            19.076313
          ],
          [
            72.875225,
            19.076248
          ],
          [
            72.875013,
            19.076145
          ],
          [
            72.874773,
            19.076069
          ],
          [
            72.874471,
            19.075939
          ],
          [
            72.873843,
            19.075685
          ],
          [
            72.873718,
            19.075591
          ],
          [
            72.873279,
            19.075386
          ],
          [
            72.872915,
            19.07519
          ],
          [
            72.872701,
            19.075083
          ],
          [
            72.872462,
            19.074962
          ],
          [
            72.872395,
            19.074929
          ],
          [
            72.872336,
            19.074902
          ],
          [
            72.87229,
            19.074898
          ],
          [
            72.871973,
            19.074757
          ],
          [
            72.871416,
            19.074522
          ],
          [
            72.871358,
            19.074476
          ],
          [
            72.871333,
            19.074465
          ],
          [
            72.871267,
            19.074391
          ],
          [
            72.871197,
            19.074278
          ],
          [
            72.87117,
            19.07418
          ],
          [
            72.871158,
            19.074072
          ],
          [
            72.87115,
            19.073854
          ],
          [
            72.871291,
            19.07342
          ],
          [
            72.871536,
            19.072665
          ],
          [
            72.871595,
            19.072528
          ],
          [
            72.871783,
            19.072214
          ],
          [
            72.871872,
            19.072068
          ],
          [
            72.871917,
            19.071965
          ],
          [
            72.871997,
            19.071739
          ],
          [
            72.872103,
            19.07146
          ],
          [
            72.872212,
            19.071155
          ],
          [
            72.8723,
            19.071008
          ],
          [
            72.87243,
            19.07076
          ],
          [
            72.87246,
            19.070687
          ],
          [
            72.872477,
            19.070615
          ],
          [
            72.872476,
            19.070284
          ],
          [
            72.872446,
            19.070166
          ],
          [
            72.872018,
            19.068994
          ],
          [
            72.871928,
            19.068915
          ],
          [
            72.871875,
            19.068997
          ],
          [
            72.87191,
            19.069019
          ],
          [
            72.871937,
            19.069044
          ],
          [
            72.87195,
            19.069076
          ],
          [
            72.872255,
            19.069917
          ]
        ]
      }
    },
    {
      "type": "Feature",
      "properties": {
        "road_id": "REAL_R013",
        "from": "L002",
        "to": "L008",
        "distance_km": 1.929
      },
      "geometry": {
        "type": "LineString",
        "coordinates": [
          [
            72.879928,
            19.077998
          ],
          [
            72.879931,
            19.077906
          ],
          [
            72.879933,
            19.077895
          ],
          [
            72.879941,
            19.077886
          ],
          [
            72.879956,
            19.077883
          ],
          [
            72.880128,
            19.077885
          ],
          [
            72.880247,
            19.077885
          ],
          [
            72.880254,
            19.07854
          ],
          [
            72.880295,
            19.079184
          ],
          [
            72.880312,
            19.079452
          ],
          [
            72.880318,
            19.079556
          ],
          [
            72.880324,
            19.079653
          ],
          [
            72.880208,
            19.079721
          ],
          [
            72.880305,
            19.079848
          ],
          [
            72.880377,
            19.07994
          ],
          [
            72.880461,
            19.080047
          ],
          [
            72.881422,
            19.081256
          ],
          [
            72.881995,
            19.082311
          ],
          [
            72.882226,
            19.082735
          ],
          [
            72.882276,
            19.082829
          ],
          [
            72.882523,
            19.083283
          ],
          [
            72.882577,
            19.083402
          ],
          [
            72.882585,
            19.083412
          ],
          [
            72.882648,
            19.083497
          ],
          [
            72.882778,
            19.083632
          ],
          [
            72.882862,
            19.083725
          ],
          [
            72.882914,
            19.083755
          ],
          [
            72.88338,
            19.084028
          ],
          [
            72.884146,
            19.084292
          ],
          [
            72.884501,
            19.08442
          ],
          [
            72.884785,
            19.084514
          ],
          [
            72.884942,
            19.084566
          ],
          [
            72.885053,
            19.084609
          ],
          [
            72.885935,
            19.084951
          ],
          [
            72.886083,
            19.085001
          ],
          [
            72.886214,
            19.085029
          ],
          [
            72.886373,
            19.085065
          ],
          [
            72.886621,
            19.085094
          ],
          [
            72.886679,
            19.085101
          ],
          [
            72.886942,
            19.085086
          ],
          [
            72.887013,
            19.085082
          ],
          [
            72.887326,
            19.085059
          ],
          [
            72.887705,
            19.085023
          ],
          [
            72.887922,
            19.084995
          ],
          [
            72.888209,
            19.084957
          ],
          [
            72.888332,
            19.084943
          ],
          [
            72.888382,
            19.084937
          ],
          [
            72.888505,
            19.084923
          ],
          [
            72.889515,
            19.08481
          ],
          [
            72.889558,
            19.084805
          ],
          [
            72.890008,
            19.084749
          ],
          [
            72.890421,
            19.084701
          ],
          [
            72.89094,
            19.084707
          ],
          [
            72.891192,
            19.08471
          ],
          [
            72.891478,
            19.084758
          ],
          [
            72.891592,
            19.084777
          ],
          [
            72.891741,
            19.084802
          ],
          [
            72.89179,
            19.084818
          ],
          [
            72.892035,
            19.084898
          ],
          [
            72.892156,
            19.084938
          ],
          [
            72.892246,
            19.084967
          ],
          [
            72.892487,
            19.085048
          ],
          [
            72.892907,
            19.085198
          ],
          [
            72.893492,
            19.085409
          ],
          [
            72.893666,
            19.08547
          ],
          [
            72.894485,
            19.085763
          ],
          [
            72.894642,
            19.085824
          ],
          [
            72.894658,
            19.085926
          ],
          [
            72.89473,
            19.086372
          ],
          [
            72.894963,
            19.087265
          ],
          [
            72.895006,
            19.087332
          ],
          [
            72.895078,
            19.087365
          ],
          [
            72.895126,
            19.087371
          ],
          [
            72.895127,
            19.087756
          ],
          [
            72.895185,
            19.08795
          ]
        ]
      }
    },
    {
      "type": "Feature",
      "properties": {
        "road_id": "REAL_R014",
        "from": "L002",
        "to": "L009",
        "distance_km": 1.681
      },
      "geometry": {
        "type": "LineString",
        "coordinates": [
          [
            72.879928,
            19.077998
          ],
          [
            72.879931,
            19.077906
          ],
          [
            72.879933,
            19.077895
          ],
          [
            72.879941,
            19.077886
          ],
          [
            72.879956,
            19.077883
          ],
          [
            72.880128,
            19.077885
          ],
          [
            72.880247,
            19.077885
          ],
          [
            72.880254,
            19.07854
          ],
          [
            72.880295,
            19.079184
          ],
          [
            72.880066,
            19.079313
          ],
          [
            72.879269,
            19.078263
          ],
          [
            72.879081,
            19.078015
          ],
          [
            72.87887,
            19.077737
          ],
          [
            72.878432,
            19.07718
          ],
          [
            72.878183,
            19.076863
          ],
          [
            72.877825,
            19.076398
          ],
          [
            72.877531,
            19.076049
          ],
          [
            72.877359,
            19.075879
          ],
          [
            72.87728,
            19.075776
          ],
          [
            72.876796,
            19.07515
          ],
          [
            72.876726,
            19.075059
          ],
          [
            72.876229,
            19.074417
          ],
          [
            72.875982,
            19.074031
          ],
          [
            72.875936,
            19.073945
          ],
          [
            72.875829,
            19.073375
          ],
          [
            72.875825,
            19.073352
          ],
          [
            72.875812,
            19.07325
          ],
          [
            72.875599,
            19.071539
          ],
          [
            72.875586,
            19.071446
          ],
          [
            72.875543,
            19.07118
          ],
          [
            72.875496,
            19.070818
          ],
          [
            72.875483,
            19.070718
          ],
          [
            72.875355,
            19.070757
          ],
          [
            72.874235,
            19.070901
          ],
          [
            72.874084,
            19.070922
          ],
          [
            72.87397,
            19.070879
          ],
          [
            72.872835,
            19.071015
          ],
          [
            72.872688,
            19.071033
          ],
          [
            72.872592,
            19.071034
          ],
          [
            72.872436,
            19.071036
          ],
          [
            72.8723,
            19.071008
          ],
          [
            72.872175,
            19.070981
          ],
          [
            72.871974,
            19.07094
          ],
          [
            72.871724,
            19.070884
          ],
          [
            72.871473,
            19.07082
          ],
          [
            72.871199,
            19.070714
          ],
          [
            72.870931,
            19.070585
          ],
          [
            72.870661,
            19.070428
          ],
          [
            72.869084,
            19.069449
          ],
          [
            72.868726,
            19.069227
          ],
          [
            72.868656,
            19.069097
          ],
          [
            72.868649,
            19.068998
          ],
          [
            72.868651,
            19.068871
          ],
          [
            72.86902,
            19.068347
          ],
          [
            72.869486,
            19.067684
          ],
          [
            72.869581,
            19.067548
          ],
          [
            72.869635,
            19.06748
          ],
          [
            72.869602,
            19.067453
          ],
          [
            72.869574,
            19.067433
          ],
          [
            72.869417,
            19.067321
          ],
          [
            72.868924,
            19.066819
          ],
          [
            72.868853,
            19.066879
          ],
          [
            72.868517,
            19.067371
          ],
          [
            72.868406,
            19.067533
          ],
          [
            72.868365,
            19.067552
          ],
          [
            72.868356,
            19.0676
          ],
          [
            72.868351,
            19.067629
          ],
          [
            72.868349,
            19.067644
          ],
          [
            72.868304,
            19.067778
          ],
          [
            72.868248,
            19.067873
          ]
        ]
      }
    },
    {
      "type": "Feature",
      "properties": {
        "road_id": "REAL_R015",
        "from": "L003",
        "to": "L004",
        "distance_km": 0.386
      },
      "geometry": {
        "type": "LineString",
        "coordinates": [
          [
            72.882476,
            19.079914
          ],
          [
            72.88253,
            19.080181
          ],
          [
            72.882588,
            19.080634
          ],
          [
            72.882675,
            19.081204
          ],
          [
            72.882747,
            19.081204
          ],
          [
            72.882861,
            19.08122
          ],
          [
            72.883158,
            19.081354
          ],
          [
            72.883181,
            19.081329
          ],
          [
            72.88398,
            19.080987
          ],
          [
            72.884111,
            19.081119
          ],
          [
            72.884205,
            19.081572
          ],
          [
            72.884348,
            19.081902
          ],
          [
            72.884412,
            19.081889
          ],
          [
            72.88447,
            19.081909
          ],
          [
            72.884598,
            19.082031
          ],
          [
            72.884691,
            19.082184
          ],
          [
            72.884732,
            19.082303
          ],
          [
            72.884743,
            19.082431
          ],
          [
            72.884755,
            19.082651
          ],
          [
            72.884758,
            19.082701
          ],
          [
            72.884925,
            19.082827
          ],
          [
            72.885181,
            19.082895
          ],
          [
            72.885221,
            19.082703
          ],
          [
            72.885277,
            19.082305
          ],
          [
            72.885291,
            19.082012
          ]
        ]
      }
    },
    {
      "type": "Feature",
      "properties": {
        "road_id": "REAL_R016",
        "from": "L003",
        "to": "L005",
        "distance_km": 0.993
      },
      "geometry": {
        "type": "LineString",
        "coordinates": [
          [
            72.882476,
            19.079914
          ],
          [
            72.88253,
            19.080181
          ],
          [
            72.882588,
            19.080634
          ],
          [
            72.882675,
            19.081204
          ],
          [
            72.88243,
            19.081205
          ],
          [
            72.882051,
            19.081195
          ],
          [
            72.881849,
            19.081203
          ],
          [
            72.88154,
            19.081245
          ],
          [
            72.881235,
            19.080846
          ],
          [
            72.8809,
            19.080409
          ],
          [
            72.880507,
            19.079895
          ],
          [
            72.880476,
            19.079854
          ],
          [
            72.880412,
            19.079769
          ],
          [
            72.880324,
            19.079653
          ],
          [
            72.880066,
            19.079313
          ],
          [
            72.879269,
            19.078263
          ],
          [
            72.879081,
            19.078015
          ],
          [
            72.87887,
            19.077737
          ],
          [
            72.878432,
            19.07718
          ],
          [
            72.878183,
            19.076863
          ],
          [
            72.877825,
            19.076398
          ],
          [
            72.877531,
            19.076049
          ],
          [
            72.877359,
            19.075879
          ],
          [
            72.87728,
            19.075776
          ],
          [
            72.876796,
            19.07515
          ],
          [
            72.876726,
            19.075059
          ],
          [
            72.876229,
            19.074417
          ],
          [
            72.875982,
            19.074031
          ],
          [
            72.875936,
            19.073945
          ],
          [
            72.875829,
            19.073375
          ],
          [
            72.875825,
            19.073352
          ],
          [
            72.875812,
            19.07325
          ],
          [
            72.875599,
            19.071539
          ],
          [
            72.875586,
            19.071446
          ],
          [
            72.875543,
            19.07118
          ],
          [
            72.875496,
            19.070818
          ],
          [
            72.875483,
            19.070718
          ],
          [
            72.875466,
            19.070606
          ],
          [
            72.87545,
            19.070495
          ],
          [
            72.875438,
            19.070415
          ],
          [
            72.875387,
            19.070063
          ],
          [
            72.875257,
            19.070083
          ],
          [
            72.875339,
            19.070638
          ],
          [
            72.875355,
            19.070757
          ],
          [
            72.875365,
            19.070829
          ],
          [
            72.875394,
            19.071039
          ],
          [
            72.875411,
            19.071159
          ],
          [
            72.875426,
            19.071267
          ],
          [
            72.875456,
            19.071485
          ],
          [
            72.875717,
            19.07327
          ],
          [
            72.875649,
            19.073299
          ],
          [
            72.875403,
            19.073444
          ],
          [
            72.875196,
            19.073576
          ],
          [
            72.87508,
            19.073619
          ],
          [
            72.874915,
            19.073698
          ],
          [
            72.875026,
            19.073954
          ],
          [
            72.875039,
            19.073986
          ]
        ]
      }
    },
    {
      "type": "Feature",
      "properties": {
        "road_id": "REAL_R017",
        "from": "L003",
        "to": "L006",
        "distance_km": 1.008
      },
      "geometry": {
        "type": "LineString",
        "coordinates": [
          [
            72.882476,
            19.079914
          ],
          [
            72.88253,
            19.080181
          ],
          [
            72.882588,
            19.080634
          ],
          [
            72.882675,
            19.081204
          ],
          [
            72.88243,
            19.081205
          ],
          [
            72.882051,
            19.081195
          ],
          [
            72.881849,
            19.081203
          ],
          [
            72.88154,
            19.081245
          ],
          [
            72.881422,
            19.081256
          ],
          [
            72.881995,
            19.082311
          ],
          [
            72.882226,
            19.082735
          ],
          [
            72.882276,
            19.082829
          ],
          [
            72.882523,
            19.083283
          ],
          [
            72.882577,
            19.083402
          ],
          [
            72.882585,
            19.083412
          ],
          [
            72.882648,
            19.083497
          ],
          [
            72.882778,
            19.083632
          ],
          [
            72.882862,
            19.083725
          ],
          [
            72.882914,
            19.083755
          ],
          [
            72.88338,
            19.084028
          ],
          [
            72.884146,
            19.084292
          ],
          [
            72.884501,
            19.08442
          ],
          [
            72.884785,
            19.084514
          ],
          [
            72.884942,
            19.084566
          ],
          [
            72.885053,
            19.084609
          ],
          [
            72.885935,
            19.084951
          ],
          [
            72.886083,
            19.085001
          ],
          [
            72.886214,
            19.085029
          ],
          [
            72.886373,
            19.085065
          ],
          [
            72.886621,
            19.085094
          ],
          [
            72.886679,
            19.085101
          ],
          [
            72.886942,
            19.085086
          ],
          [
            72.887013,
            19.085082
          ],
          [
            72.887326,
            19.085059
          ],
          [
            72.887705,
            19.085023
          ],
          [
            72.887922,
            19.084995
          ],
          [
            72.888209,
            19.084957
          ],
          [
            72.888332,
            19.084943
          ],
          [
            72.888382,
            19.084937
          ],
          [
            72.888505,
            19.084923
          ],
          [
            72.889515,
            19.08481
          ],
          [
            72.889558,
            19.084805
          ],
          [
            72.889966,
            19.084754
          ]
        ]
      }
    },
    {
      "type": "Feature",
      "properties": {
        "road_id": "REAL_R018",
        "from": "L003",
        "to": "L007",
        "distance_km": 1.53
      },
      "geometry": {
        "type": "LineString",
        "coordinates": [
          [
            72.882476,
            19.079914
          ],
          [
            72.88253,
            19.080181
          ],
          [
            72.882588,
            19.080634
          ],
          [
            72.882675,
            19.081204
          ],
          [
            72.88243,
            19.081205
          ],
          [
            72.882051,
            19.081195
          ],
          [
            72.881849,
            19.081203
          ],
          [
            72.88154,
            19.081245
          ],
          [
            72.881235,
            19.080846
          ],
          [
            72.8809,
            19.080409
          ],
          [
            72.880507,
            19.079895
          ],
          [
            72.880476,
            19.079854
          ],
          [
            72.880412,
            19.079769
          ],
          [
            72.880324,
            19.079653
          ],
          [
            72.880066,
            19.079313
          ],
          [
            72.879269,
            19.078263
          ],
          [
            72.879081,
            19.078015
          ],
          [
            72.87887,
            19.077737
          ],
          [
            72.878432,
            19.07718
          ],
          [
            72.878183,
            19.076863
          ],
          [
            72.877825,
            19.076398
          ],
          [
            72.877531,
            19.076049
          ],
          [
            72.877359,
            19.075879
          ],
          [
            72.877275,
            19.075934
          ],
          [
            72.877089,
            19.076055
          ],
          [
            72.87696,
            19.076135
          ],
          [
            72.876825,
            19.076211
          ],
          [
            72.876684,
            19.076278
          ],
          [
            72.876546,
            19.076338
          ],
          [
            72.876398,
            19.076387
          ],
          [
            72.876277,
            19.076409
          ],
          [
            72.876259,
            19.076412
          ],
          [
            72.876238,
            19.076416
          ],
          [
            72.87609,
            19.076434
          ],
          [
            72.875946,
            19.076429
          ],
          [
            72.875796,
            19.076413
          ],
          [
            72.875662,
            19.076391
          ],
          [
            72.875524,
            19.076361
          ],
          [
            72.875385,
            19.076313
          ],
          [
            72.875225,
            19.076248
          ],
          [
            72.875013,
            19.076145
          ],
          [
            72.874773,
            19.076069
          ],
          [
            72.874471,
            19.075939
          ],
          [
            72.873843,
            19.075685
          ],
          [
            72.873718,
            19.075591
          ],
          [
            72.873279,
            19.075386
          ],
          [
            72.872915,
            19.07519
          ],
          [
            72.872701,
            19.075083
          ],
          [
            72.872462,
            19.074962
          ],
          [
            72.872395,
            19.074929
          ],
          [
            72.872336,
            19.074902
          ],
          [
            72.87229,
            19.074898
          ],
          [
            72.871973,
            19.074757
          ],
          [
            72.871416,
            19.074522
          ],
          [
            72.871358,
            19.074476
          ],
          [
            72.871333,
            19.074465
          ],
          [
            72.871267,
            19.074391
          ],
          [
            72.871197,
            19.074278
          ],
          [
            72.87117,
            19.07418
          ],
          [
            72.871158,
            19.074072
          ],
          [
            72.87115,
            19.073854
          ],
          [
            72.871291,
            19.07342
          ],
          [
            72.871536,
            19.072665
          ],
          [
            72.871595,
            19.072528
          ],
          [
            72.871783,
            19.072214
          ],
          [
            72.871872,
            19.072068
          ],
          [
            72.871917,
            19.071965
          ],
          [
            72.871997,
            19.071739
          ],
          [
            72.872103,
            19.07146
          ],
          [
            72.872212,
            19.071155
          ],
          [
            72.8723,
            19.071008
          ],
          [
            72.87243,
            19.07076
          ],
          [
            72.87246,
            19.070687
          ],
          [
            72.872477,
            19.070615
          ],
          [
            72.872476,
            19.070284
          ],
          [
            72.872446,
            19.070166
          ],
          [
            72.872018,
            19.068994
          ],
          [
            72.871928,
            19.068915
          ],
          [
            72.871875,
            19.068997
          ],
          [
            72.87191,
            19.069019
          ],
          [
            72.871937,
            19.069044
          ],
          [
            72.87195,
            19.069076
          ],
          [
            72.872255,
            19.069917
          ]
        ]
      }
    },
    {
      "type": "Feature",
      "properties": {
        "road_id": "REAL_R019",
        "from": "L003",
        "to": "L008",
        "distance_km": 1.63
      },
      "geometry": {
        "type": "LineString",
        "coordinates": [
          [
            72.882476,
            19.079914
          ],
          [
            72.88253,
            19.080181
          ],
          [
            72.882588,
            19.080634
          ],
          [
            72.882675,
            19.081204
          ],
          [
            72.88243,
            19.081205
          ],
          [
            72.882051,
            19.081195
          ],
          [
            72.881849,
            19.081203
          ],
          [
            72.88154,
            19.081245
          ],
          [
            72.881422,
            19.081256
          ],
          [
            72.881995,
            19.082311
          ],
          [
            72.882226,
            19.082735
          ],
          [
            72.882276,
            19.082829
          ],
          [
            72.882523,
            19.083283
          ],
          [
            72.882577,
            19.083402
          ],
          [
            72.882585,
            19.083412
          ],
          [
            72.882648,
            19.083497
          ],
          [
            72.882778,
            19.083632
          ],
          [
            72.882862,
            19.083725
          ],
          [
            72.882914,
            19.083755
          ],
          [
            72.88338,
            19.084028
          ],
          [
            72.884146,
            19.084292
          ],
          [
            72.884501,
            19.08442
          ],
          [
            72.884785,
            19.084514
          ],
          [
            72.884942,
            19.084566
          ],
          [
            72.885053,
            19.084609
          ],
          [
            72.885935,
            19.084951
          ],
          [
            72.886083,
            19.085001
          ],
          [
            72.886214,
            19.085029
          ],
          [
            72.886373,
            19.085065
          ],
          [
            72.886621,
            19.085094
          ],
          [
            72.886679,
            19.085101
          ],
          [
            72.886942,
            19.085086
          ],
          [
            72.887013,
            19.085082
          ],
          [
            72.887326,
            19.085059
          ],
          [
            72.887705,
            19.085023
          ],
          [
            72.887922,
            19.084995
          ],
          [
            72.888209,
            19.084957
          ],
          [
            72.888332,
            19.084943
          ],
          [
            72.888382,
            19.084937
          ],
          [
            72.888505,
            19.084923
          ],
          [
            72.889515,
            19.08481
          ],
          [
            72.889558,
            19.084805
          ],
          [
            72.890008,
            19.084749
          ],
          [
            72.890421,
            19.084701
          ],
          [
            72.89094,
            19.084707
          ],
          [
            72.891192,
            19.08471
          ],
          [
            72.891478,
            19.084758
          ],
          [
            72.891592,
            19.084777
          ],
          [
            72.891741,
            19.084802
          ],
          [
            72.89179,
            19.084818
          ],
          [
            72.892035,
            19.084898
          ],
          [
            72.892156,
            19.084938
          ],
          [
            72.892246,
            19.084967
          ],
          [
            72.892487,
            19.085048
          ],
          [
            72.892907,
            19.085198
          ],
          [
            72.893492,
            19.085409
          ],
          [
            72.893666,
            19.08547
          ],
          [
            72.894485,
            19.085763
          ],
          [
            72.894642,
            19.085824
          ],
          [
            72.894658,
            19.085926
          ],
          [
            72.89473,
            19.086372
          ],
          [
            72.894963,
            19.087265
          ],
          [
            72.895006,
            19.087332
          ],
          [
            72.895078,
            19.087365
          ],
          [
            72.895126,
            19.087371
          ],
          [
            72.895127,
            19.087756
          ],
          [
            72.895185,
            19.08795
          ]
        ]
      }
    },
    {
      "type": "Feature",
      "properties": {
        "road_id": "REAL_R020",
        "from": "L003",
        "to": "L009",
        "distance_km": 1.986
      },
      "geometry": {
        "type": "LineString",
        "coordinates": [
          [
            72.882476,
            19.079914
          ],
          [
            72.88253,
            19.080181
          ],
          [
            72.882588,
            19.080634
          ],
          [
            72.882675,
            19.081204
          ],
          [
            72.88243,
            19.081205
          ],
          [
            72.882051,
            19.081195
          ],
          [
            72.881849,
            19.081203
          ],
          [
            72.88154,
            19.081245
          ],
          [
            72.881235,
            19.080846
          ],
          [
            72.8809,
            19.080409
          ],
          [
            72.880507,
            19.079895
          ],
          [
            72.880476,
            19.079854
          ],
          [
            72.880412,
            19.079769
          ],
          [
            72.880324,
            19.079653
          ],
          [
            72.880066,
            19.079313
          ],
          [
            72.879269,
            19.078263
          ],
          [
            72.879081,
            19.078015
          ],
          [
            72.87887,
            19.077737
          ],
          [
            72.878432,
            19.07718
          ],
          [
            72.878183,
            19.076863
          ],
          [
            72.877825,
            19.076398
          ],
          [
            72.877531,
            19.076049
          ],
          [
            72.877359,
            19.075879
          ],
          [
            72.87728,
            19.075776
          ],
          [
            72.876796,
            19.07515
          ],
          [
            72.876726,
            19.075059
          ],
          [
            72.876229,
            19.074417
          ],
          [
            72.875982,
            19.074031
          ],
          [
            72.875936,
            19.073945
          ],
          [
            72.875829,
            19.073375
          ],
          [
            72.875825,
            19.073352
          ],
          [
            72.875812,
            19.07325
          ],
          [
            72.875599,
            19.071539
          ],
          [
            72.875586,
            19.071446
          ],
          [
            72.875543,
            19.07118
          ],
          [
            72.875496,
            19.070818
          ],
          [
            72.875483,
            19.070718
          ],
          [
            72.875355,
            19.070757
          ],
          [
            72.874235,
            19.070901
          ],
          [
            72.874084,
            19.070922
          ],
          [
            72.87397,
            19.070879
          ],
          [
            72.872835,
            19.071015
          ],
          [
            72.872688,
            19.071033
          ],
          [
            72.872592,
            19.071034
          ],
          [
            72.872436,
            19.071036
          ],
          [
            72.8723,
            19.071008
          ],
          [
            72.872175,
            19.070981
          ],
          [
            72.871974,
            19.07094
          ],
          [
            72.871724,
            19.070884
          ],
          [
            72.871473,
            19.07082
          ],
          [
            72.871199,
            19.070714
          ],
          [
            72.870931,
            19.070585
          ],
          [
            72.870661,
            19.070428
          ],
          [
            72.869084,
            19.069449
          ],
          [
            72.868726,
            19.069227
          ],
          [
            72.868656,
            19.069097
          ],
          [
            72.868649,
            19.068998
          ],
          [
            72.868651,
            19.068871
          ],
          [
            72.86902,
            19.068347
          ],
          [
            72.869486,
            19.067684
          ],
          [
            72.869581,
            19.067548
          ],
          [
            72.869635,
            19.06748
          ],
          [
            72.869602,
            19.067453
          ],
          [
            72.869574,
            19.067433
          ],
          [
            72.869417,
            19.067321
          ],
          [
            72.868924,
            19.066819
          ],
          [
            72.868853,
            19.066879
          ],
          [
            72.868517,
            19.067371
          ],
          [
            72.868406,
            19.067533
          ],
          [
            72.868365,
            19.067552
          ],
          [
            72.868356,
            19.0676
          ],
          [
            72.868351,
            19.067629
          ],
          [
            72.868349,
            19.067644
          ],
          [
            72.868304,
            19.067778
          ],
          [
            72.868248,
            19.067873
          ]
        ]
      }
    },
    {
      "type": "Feature",
      "properties": {
        "road_id": "REAL_R021",
        "from": "L004",
        "to": "L005",
        "distance_km": 1.377
      },
      "geometry": {
        "type": "LineString",
        "coordinates": [
          [
            72.885291,
            19.082012
          ],
          [
            72.885277,
            19.082305
          ],
          [
            72.885221,
            19.082703
          ],
          [
            72.885181,
            19.082895
          ],
          [
            72.885053,
            19.083728
          ],
          [
            72.885034,
            19.083862
          ],
          [
            72.885017,
            19.083977
          ],
          [
            72.885003,
            19.084077
          ],
          [
            72.884957,
            19.084404
          ],
          [
            72.884946,
            19.084486
          ],
          [
            72.884821,
            19.084441
          ],
          [
            72.884512,
            19.08433
          ],
          [
            72.883994,
            19.084145
          ],
          [
            72.883357,
            19.083917
          ],
          [
            72.883105,
            19.083777
          ],
          [
            72.882924,
            19.083654
          ],
          [
            72.882694,
            19.083446
          ],
          [
            72.882654,
            19.083381
          ],
          [
            72.882639,
            19.083354
          ],
          [
            72.882144,
            19.082404
          ],
          [
            72.882123,
            19.082364
          ],
          [
            72.88154,
            19.081245
          ],
          [
            72.881235,
            19.080846
          ],
          [
            72.8809,
            19.080409
          ],
          [
            72.880507,
            19.079895
          ],
          [
            72.880476,
            19.079854
          ],
          [
            72.880412,
            19.079769
          ],
          [
            72.880324,
            19.079653
          ],
          [
            72.880066,
            19.079313
          ],
          [
            72.879269,
            19.078263
          ],
          [
            72.879081,
            19.078015
          ],
          [
            72.87887,
            19.077737
          ],
          [
            72.878432,
            19.07718
          ],
          [
            72.878183,
            19.076863
          ],
          [
            72.877825,
            19.076398
          ],
          [
            72.877531,
            19.076049
          ],
          [
            72.877359,
            19.075879
          ],
          [
            72.87728,
            19.075776
          ],
          [
            72.876796,
            19.07515
          ],
          [
            72.876726,
            19.075059
          ],
          [
            72.876229,
            19.074417
          ],
          [
            72.875982,
            19.074031
          ],
          [
            72.875936,
            19.073945
          ],
          [
            72.875829,
            19.073375
          ],
          [
            72.875825,
            19.073352
          ],
          [
            72.875812,
            19.07325
          ],
          [
            72.875599,
            19.071539
          ],
          [
            72.875586,
            19.071446
          ],
          [
            72.875543,
            19.07118
          ],
          [
            72.875496,
            19.070818
          ],
          [
            72.875483,
            19.070718
          ],
          [
            72.875466,
            19.070606
          ],
          [
            72.87545,
            19.070495
          ],
          [
            72.875438,
            19.070415
          ],
          [
            72.875387,
            19.070063
          ],
          [
            72.875257,
            19.070083
          ],
          [
            72.875339,
            19.070638
          ],
          [
            72.875355,
            19.070757
          ],
          [
            72.875365,
            19.070829
          ],
          [
            72.875394,
            19.071039
          ],
          [
            72.875411,
            19.071159
          ],
          [
            72.875426,
            19.071267
          ],
          [
            72.875456,
            19.071485
          ],
          [
            72.875717,
            19.07327
          ],
          [
            72.875649,
            19.073299
          ],
          [
            72.875403,
            19.073444
          ],
          [
            72.875196,
            19.073576
          ],
          [
            72.87508,
            19.073619
          ],
          [
            72.874915,
            19.073698
          ],
          [
            72.875026,
            19.073954
          ],
          [
            72.875039,
            19.073986
          ]
        ]
      }
    },
    {
      "type": "Feature",
      "properties": {
        "road_id": "REAL_R022",
        "from": "L004",
        "to": "L006",
        "distance_km": 0.622
      },
      "geometry": {
        "type": "LineString",
        "coordinates": [
          [
            72.885291,
            19.082012
          ],
          [
            72.885277,
            19.082305
          ],
          [
            72.885221,
            19.082703
          ],
          [
            72.885181,
            19.082895
          ],
          [
            72.885053,
            19.083728
          ],
          [
            72.885034,
            19.083862
          ],
          [
            72.885017,
            19.083977
          ],
          [
            72.885003,
            19.084077
          ],
          [
            72.884957,
            19.084404
          ],
          [
            72.884946,
            19.084486
          ],
          [
            72.884942,
            19.084566
          ],
          [
            72.885053,
            19.084609
          ],
          [
            72.885935,
            19.084951
          ],
          [
            72.886083,
            19.085001
          ],
          [
            72.886214,
            19.085029
          ],
          [
            72.886373,
            19.085065
          ],
          [
            72.886621,
            19.085094
          ],
          [
            72.886679,
            19.085101
          ],
          [
            72.886942,
            19.085086
          ],
          [
            72.887013,
            19.085082
          ],
          [
            72.887326,
            19.085059
          ],
          [
            72.887705,
            19.085023
          ],
          [
            72.887922,
            19.084995
          ],
          [
            72.888209,
            19.084957
          ],
          [
            72.888332,
            19.084943
          ],
          [
            72.888382,
            19.084937
          ],
          [
            72.888505,
            19.084923
          ],
          [
            72.889515,
            19.08481
          ],
          [
            72.889558,
            19.084805
          ],
          [
            72.889966,
            19.084754
          ]
        ]
      }
    },
    {
      "type": "Feature",
      "properties": {
        "road_id": "REAL_R023",
        "from": "L004",
        "to": "L007",
        "distance_km": 1.91
      },
      "geometry": {
        "type": "LineString",
        "coordinates": [
          [
            72.885291,
            19.082012
          ],
          [
            72.885277,
            19.082305
          ],
          [
            72.885221,
            19.082703
          ],
          [
            72.885181,
            19.082895
          ],
          [
            72.885053,
            19.083728
          ],
          [
            72.885034,
            19.083862
          ],
          [
            72.885017,
            19.083977
          ],
          [
            72.885003,
            19.084077
          ],
          [
            72.884957,
            19.084404
          ],
          [
            72.884946,
            19.084486
          ],
          [
            72.884821,
            19.084441
          ],
          [
            72.884512,
            19.08433
          ],
          [
            72.883994,
            19.084145
          ],
          [
            72.883357,
            19.083917
          ],
          [
            72.883105,
            19.083777
          ],
          [
            72.882924,
            19.083654
          ],
          [
            72.882694,
            19.083446
          ],
          [
            72.882654,
            19.083381
          ],
          [
            72.882639,
            19.083354
          ],
          [
            72.882144,
            19.082404
          ],
          [
            72.882123,
            19.082364
          ],
          [
            72.88154,
            19.081245
          ],
          [
            72.881235,
            19.080846
          ],
          [
            72.8809,
            19.080409
          ],
          [
            72.880507,
            19.079895
          ],
          [
            72.880476,
            19.079854
          ],
          [
            72.880412,
            19.079769
          ],
          [
            72.880324,
            19.079653
          ],
          [
            72.880066,
            19.079313
          ],
          [
            72.879269,
            19.078263
          ],
          [
            72.879081,
            19.078015
          ],
          [
            72.87887,
            19.077737
          ],
          [
            72.878432,
            19.07718
          ],
          [
            72.878183,
            19.076863
          ],
          [
            72.877825,
            19.076398
          ],
          [
            72.877531,
            19.076049
          ],
          [
            72.877359,
            19.075879
          ],
          [
            72.877275,
            19.075934
          ],
          [
            72.877089,
            19.076055
          ],
          [
            72.87696,
            19.076135
          ],
          [
            72.876825,
            19.076211
          ],
          [
            72.876684,
            19.076278
          ],
          [
            72.876546,
            19.076338
          ],
          [
            72.876398,
            19.076387
          ],
          [
            72.876277,
            19.076409
          ],
          [
            72.876259,
            19.076412
          ],
          [
            72.876238,
            19.076416
          ],
          [
            72.87609,
            19.076434
          ],
          [
            72.875946,
            19.076429
          ],
          [
            72.875796,
            19.076413
          ],
          [
            72.875662,
            19.076391
          ],
          [
            72.875524,
            19.076361
          ],
          [
            72.875385,
            19.076313
          ],
          [
            72.875225,
            19.076248
          ],
          [
            72.875013,
            19.076145
          ],
          [
            72.874773,
            19.076069
          ],
          [
            72.874471,
            19.075939
          ],
          [
            72.873843,
            19.075685
          ],
          [
            72.873718,
            19.075591
          ],
          [
            72.873279,
            19.075386
          ],
          [
            72.872915,
            19.07519
          ],
          [
            72.872701,
            19.075083
          ],
          [
            72.872462,
            19.074962
          ],
          [
            72.872395,
            19.074929
          ],
          [
            72.872336,
            19.074902
          ],
          [
            72.87229,
            19.074898
          ],
          [
            72.871973,
            19.074757
          ],
          [
            72.871416,
            19.074522
          ],
          [
            72.871358,
            19.074476
          ],
          [
            72.871333,
            19.074465
          ],
          [
            72.871267,
            19.074391
          ],
          [
            72.871197,
            19.074278
          ],
          [
            72.87117,
            19.07418
          ],
          [
            72.871158,
            19.074072
          ],
          [
            72.87115,
            19.073854
          ],
          [
            72.871291,
            19.07342
          ],
          [
            72.871536,
            19.072665
          ],
          [
            72.871595,
            19.072528
          ],
          [
            72.871783,
            19.072214
          ],
          [
            72.871872,
            19.072068
          ],
          [
            72.871917,
            19.071965
          ],
          [
            72.871997,
            19.071739
          ],
          [
            72.872103,
            19.07146
          ],
          [
            72.872212,
            19.071155
          ],
          [
            72.8723,
            19.071008
          ],
          [
            72.87243,
            19.07076
          ],
          [
            72.87246,
            19.070687
          ],
          [
            72.872477,
            19.070615
          ],
          [
            72.872476,
            19.070284
          ],
          [
            72.872446,
            19.070166
          ],
          [
            72.872018,
            19.068994
          ],
          [
            72.871928,
            19.068915
          ],
          [
            72.871875,
            19.068997
          ],
          [
            72.87191,
            19.069019
          ],
          [
            72.871937,
            19.069044
          ],
          [
            72.87195,
            19.069076
          ],
          [
            72.872255,
            19.069917
          ]
        ]
      }
    },
    {
      "type": "Feature",
      "properties": {
        "road_id": "REAL_R024",
        "from": "L004",
        "to": "L008",
        "distance_km": 1.245
      },
      "geometry": {
        "type": "LineString",
        "coordinates": [
          [
            72.885291,
            19.082012
          ],
          [
            72.885277,
            19.082305
          ],
          [
            72.885221,
            19.082703
          ],
          [
            72.885181,
            19.082895
          ],
          [
            72.885053,
            19.083728
          ],
          [
            72.885034,
            19.083862
          ],
          [
            72.885017,
            19.083977
          ],
          [
            72.885003,
            19.084077
          ],
          [
            72.884957,
            19.084404
          ],
          [
            72.884946,
            19.084486
          ],
          [
            72.884942,
            19.084566
          ],
          [
            72.885053,
            19.084609
          ],
          [
            72.885935,
            19.084951
          ],
          [
            72.886083,
            19.085001
          ],
          [
            72.886214,
            19.085029
          ],
          [
            72.886373,
            19.085065
          ],
          [
            72.886621,
            19.085094
          ],
          [
            72.886679,
            19.085101
          ],
          [
            72.886942,
            19.085086
          ],
          [
            72.887013,
            19.085082
          ],
          [
            72.887326,
            19.085059
          ],
          [
            72.887705,
            19.085023
          ],
          [
            72.887922,
            19.084995
          ],
          [
            72.888209,
            19.084957
          ],
          [
            72.888332,
            19.084943
          ],
          [
            72.888382,
            19.084937
          ],
          [
            72.888505,
            19.084923
          ],
          [
            72.889515,
            19.08481
          ],
          [
            72.889558,
            19.084805
          ],
          [
            72.890008,
            19.084749
          ],
          [
            72.890421,
            19.084701
          ],
          [
            72.89094,
            19.084707
          ],
          [
            72.891192,
            19.08471
          ],
          [
            72.891478,
            19.084758
          ],
          [
            72.891592,
            19.084777
          ],
          [
            72.891741,
            19.084802
          ],
          [
            72.89179,
            19.084818
          ],
          [
            72.892035,
            19.084898
          ],
          [
            72.892156,
            19.084938
          ],
          [
            72.892246,
            19.084967
          ],
          [
            72.892487,
            19.085048
          ],
          [
            72.892907,
            19.085198
          ],
          [
            72.893492,
            19.085409
          ],
          [
            72.893666,
            19.08547
          ],
          [
            72.894485,
            19.085763
          ],
          [
            72.894642,
            19.085824
          ],
          [
            72.894658,
            19.085926
          ],
          [
            72.89473,
            19.086372
          ],
          [
            72.894963,
            19.087265
          ],
          [
            72.895006,
            19.087332
          ],
          [
            72.895078,
            19.087365
          ],
          [
            72.895126,
            19.087371
          ],
          [
            72.895127,
            19.087756
          ],
          [
            72.895185,
            19.08795
          ]
        ]
      }
    },
    {
      "type": "Feature",
      "properties": {
        "road_id": "REAL_R025",
        "from": "L004",
        "to": "L010",
        "distance_km": 1.929
      },
      "geometry": {
        "type": "LineString",
        "coordinates": [
          [
            72.885291,
            19.082012
          ],
          [
            72.885277,
            19.082305
          ],
          [
            72.885221,
            19.082703
          ],
          [
            72.885181,
            19.082895
          ],
          [
            72.885053,
            19.083728
          ],
          [
            72.885034,
            19.083862
          ],
          [
            72.885017,
            19.083977
          ],
          [
            72.885003,
            19.084077
          ],
          [
            72.884957,
            19.084404
          ],
          [
            72.884946,
            19.084486
          ],
          [
            72.884942,
            19.084566
          ],
          [
            72.885053,
            19.084609
          ],
          [
            72.885935,
            19.084951
          ],
          [
            72.886083,
            19.085001
          ],
          [
            72.886214,
            19.085029
          ],
          [
            72.886373,
            19.085065
          ],
          [
            72.886621,
            19.085094
          ],
          [
            72.886679,
            19.085101
          ],
          [
            72.886942,
            19.085086
          ],
          [
            72.887013,
            19.085082
          ],
          [
            72.887326,
            19.085059
          ],
          [
            72.887705,
            19.085023
          ],
          [
            72.887922,
            19.084995
          ],
          [
            72.888209,
            19.084957
          ],
          [
            72.888332,
            19.084943
          ],
          [
            72.888382,
            19.084937
          ],
          [
            72.888505,
            19.084923
          ],
          [
            72.889515,
            19.08481
          ],
          [
            72.889558,
            19.084805
          ],
          [
            72.890008,
            19.084749
          ],
          [
            72.890421,
            19.084701
          ],
          [
            72.89094,
            19.084707
          ],
          [
            72.891192,
            19.08471
          ],
          [
            72.891478,
            19.084758
          ],
          [
            72.891592,
            19.084777
          ],
          [
            72.891741,
            19.084802
          ],
          [
            72.89179,
            19.084818
          ],
          [
            72.892035,
            19.084898
          ],
          [
            72.892156,
            19.084938
          ],
          [
            72.892246,
            19.084967
          ],
          [
            72.892487,
            19.085048
          ],
          [
            72.892907,
            19.085198
          ],
          [
            72.893492,
            19.085409
          ],
          [
            72.893666,
            19.08547
          ],
          [
            72.894485,
            19.085763
          ],
          [
            72.894642,
            19.085824
          ],
          [
            72.894955,
            19.085919
          ],
          [
            72.895196,
            19.085992
          ],
          [
            72.895434,
            19.086064
          ],
          [
            72.895547,
            19.086098
          ],
          [
            72.896358,
            19.086342
          ],
          [
            72.896811,
            19.086433
          ],
          [
            72.897438,
            19.086559
          ],
          [
            72.897942,
            19.086646
          ],
          [
            72.897959,
            19.08703
          ],
          [
            72.897994,
            19.087185
          ],
          [
            72.898107,
            19.087532
          ],
          [
            72.898129,
            19.0876
          ],
          [
            72.898155,
            19.087662
          ],
          [
            72.898253,
            19.087894
          ],
          [
            72.898306,
            19.088005
          ],
          [
            72.898341,
            19.088119
          ],
          [
            72.898349,
            19.088185
          ],
          [
            72.898455,
            19.088348
          ],
          [
            72.898521,
            19.088522
          ],
          [
            72.898563,
            19.088657
          ],
          [
            72.898679,
            19.089029
          ],
          [
            72.898756,
            19.089275
          ],
          [
            72.898879,
            19.089688
          ],
          [
            72.899067,
            19.089984
          ],
          [
            72.899134,
            19.09017
          ],
          [
            72.899169,
            19.090266
          ],
          [
            72.899177,
            19.090288
          ],
          [
            72.89926,
            19.090619
          ],
          [
            72.899412,
            19.090659
          ],
          [
            72.899473,
            19.090964
          ],
          [
            72.899563,
            19.091292
          ],
          [
            72.89964,
            19.091444
          ],
          [
            72.899755,
            19.091566
          ],
          [
            72.899857,
            19.091742
          ],
          [
            72.899928,
            19.091894
          ],
          [
            72.899977,
            19.092009
          ]
        ]
      }
    },
    {
      "type": "Feature",
      "properties": {
        "road_id": "REAL_R026",
        "from": "L005",
        "to": "L006",
        "distance_km": 1.995
      },
      "geometry": {
        "type": "LineString",
        "coordinates": [
          [
            72.875039,
            19.073986
          ],
          [
            72.875026,
            19.073954
          ],
          [
            72.874915,
            19.073698
          ],
          [
            72.87508,
            19.073619
          ],
          [
            72.875196,
            19.073576
          ],
          [
            72.875403,
            19.073444
          ],
          [
            72.875649,
            19.073299
          ],
          [
            72.875717,
            19.07327
          ],
          [
            72.875756,
            19.073545
          ],
          [
            72.87588,
            19.074033
          ],
          [
            72.875925,
            19.074097
          ],
          [
            72.876169,
            19.074448
          ],
          [
            72.876658,
            19.07511
          ],
          [
            72.876746,
            19.075231
          ],
          [
            72.877195,
            19.07583
          ],
          [
            72.877213,
            19.075855
          ],
          [
            72.877275,
            19.075934
          ],
          [
            72.8773,
            19.075959
          ],
          [
            72.877447,
            19.076106
          ],
          [
            72.877531,
            19.076188
          ],
          [
            72.877589,
            19.076265
          ],
          [
            72.877918,
            19.076703
          ],
          [
            72.87824,
            19.077141
          ],
          [
            72.878405,
            19.077363
          ],
          [
            72.878723,
            19.077793
          ],
          [
            72.879137,
            19.078334
          ],
          [
            72.880208,
            19.079721
          ],
          [
            72.880305,
            19.079848
          ],
          [
            72.880377,
            19.07994
          ],
          [
            72.880461,
            19.080047
          ],
          [
            72.881422,
            19.081256
          ],
          [
            72.881995,
            19.082311
          ],
          [
            72.882226,
            19.082735
          ],
          [
            72.882276,
            19.082829
          ],
          [
            72.882523,
            19.083283
          ],
          [
            72.882577,
            19.083402
          ],
          [
            72.882585,
            19.083412
          ],
          [
            72.882648,
            19.083497
          ],
          [
            72.882778,
            19.083632
          ],
          [
            72.882862,
            19.083725
          ],
          [
            72.882914,
            19.083755
          ],
          [
            72.88338,
            19.084028
          ],
          [
            72.884146,
            19.084292
          ],
          [
            72.884501,
            19.08442
          ],
          [
            72.884785,
            19.084514
          ],
          [
            72.884942,
            19.084566
          ],
          [
            72.885053,
            19.084609
          ],
          [
            72.885935,
            19.084951
          ],
          [
            72.886083,
            19.085001
          ],
          [
            72.886214,
            19.085029
          ],
          [
            72.886373,
            19.085065
          ],
          [
            72.886621,
            19.085094
          ],
          [
            72.886679,
            19.085101
          ],
          [
            72.886942,
            19.085086
          ],
          [
            72.887013,
            19.085082
          ],
          [
            72.887326,
            19.085059
          ],
          [
            72.887705,
            19.085023
          ],
          [
            72.887922,
            19.084995
          ],
          [
            72.888209,
            19.084957
          ],
          [
            72.888332,
            19.084943
          ],
          [
            72.888382,
            19.084937
          ],
          [
            72.888505,
            19.084923
          ],
          [
            72.889515,
            19.08481
          ],
          [
            72.889558,
            19.084805
          ],
          [
            72.889966,
            19.084754
          ]
        ]
      }
    },
    {
      "type": "Feature",
      "properties": {
        "road_id": "REAL_R027",
        "from": "L005",
        "to": "L007",
        "distance_km": 0.545
      },
      "geometry": {
        "type": "LineString",
        "coordinates": [
          [
            72.875039,
            19.073986
          ],
          [
            72.875026,
            19.073954
          ],
          [
            72.874915,
            19.073698
          ],
          [
            72.87508,
            19.073619
          ],
          [
            72.875196,
            19.073576
          ],
          [
            72.875403,
            19.073444
          ],
          [
            72.875649,
            19.073299
          ],
          [
            72.875717,
            19.07327
          ],
          [
            72.875756,
            19.073545
          ],
          [
            72.87588,
            19.074033
          ],
          [
            72.875925,
            19.074097
          ],
          [
            72.876169,
            19.074448
          ],
          [
            72.876229,
            19.074417
          ],
          [
            72.875982,
            19.074031
          ],
          [
            72.875936,
            19.073945
          ],
          [
            72.875829,
            19.073375
          ],
          [
            72.875825,
            19.073352
          ],
          [
            72.875812,
            19.07325
          ],
          [
            72.875599,
            19.071539
          ],
          [
            72.875586,
            19.071446
          ],
          [
            72.875543,
            19.07118
          ],
          [
            72.875496,
            19.070818
          ],
          [
            72.875483,
            19.070718
          ],
          [
            72.875355,
            19.070757
          ],
          [
            72.874235,
            19.070901
          ],
          [
            72.874084,
            19.070922
          ],
          [
            72.87397,
            19.070879
          ],
          [
            72.872835,
            19.071015
          ],
          [
            72.872688,
            19.071033
          ],
          [
            72.872592,
            19.071034
          ],
          [
            72.872436,
            19.071036
          ],
          [
            72.8723,
            19.071008
          ],
          [
            72.87243,
            19.07076
          ],
          [
            72.87246,
            19.070687
          ],
          [
            72.872477,
            19.070615
          ],
          [
            72.872476,
            19.070284
          ],
          [
            72.872446,
            19.070166
          ],
          [
            72.872018,
            19.068994
          ],
          [
            72.871928,
            19.068915
          ],
          [
            72.871875,
            19.068997
          ],
          [
            72.87191,
            19.069019
          ],
          [
            72.871937,
            19.069044
          ],
          [
            72.87195,
            19.069076
          ],
          [
            72.872255,
            19.069917
          ]
        ]
      }
    },
    {
      "type": "Feature",
      "properties": {
        "road_id": "REAL_R028",
        "from": "L005",
        "to": "L009",
        "distance_km": 0.993
      },
      "geometry": {
        "type": "LineString",
        "coordinates": [
          [
            72.875039,
            19.073986
          ],
          [
            72.875026,
            19.073954
          ],
          [
            72.874915,
            19.073698
          ],
          [
            72.87508,
            19.073619
          ],
          [
            72.875196,
            19.073576
          ],
          [
            72.875403,
            19.073444
          ],
          [
            72.875649,
            19.073299
          ],
          [
            72.875717,
            19.07327
          ],
          [
            72.875756,
            19.073545
          ],
          [
            72.87588,
            19.074033
          ],
          [
            72.875925,
            19.074097
          ],
          [
            72.876169,
            19.074448
          ],
          [
            72.876229,
            19.074417
          ],
          [
            72.875982,
            19.074031
          ],
          [
            72.875936,
            19.073945
          ],
          [
            72.875829,
            19.073375
          ],
          [
            72.875825,
            19.073352
          ],
          [
            72.875812,
            19.07325
          ],
          [
            72.875599,
            19.071539
          ],
          [
            72.875586,
            19.071446
          ],
          [
            72.875543,
            19.07118
          ],
          [
            72.875496,
            19.070818
          ],
          [
            72.875483,
            19.070718
          ],
          [
            72.875355,
            19.070757
          ],
          [
            72.874235,
            19.070901
          ],
          [
            72.874084,
            19.070922
          ],
          [
            72.87397,
            19.070879
          ],
          [
            72.872835,
            19.071015
          ],
          [
            72.872688,
            19.071033
          ],
          [
            72.872592,
            19.071034
          ],
          [
            72.872436,
            19.071036
          ],
          [
            72.8723,
            19.071008
          ],
          [
            72.872175,
            19.070981
          ],
          [
            72.871974,
            19.07094
          ],
          [
            72.871724,
            19.070884
          ],
          [
            72.871473,
            19.07082
          ],
          [
            72.871199,
            19.070714
          ],
          [
            72.870931,
            19.070585
          ],
          [
            72.870661,
            19.070428
          ],
          [
            72.869084,
            19.069449
          ],
          [
            72.868726,
            19.069227
          ],
          [
            72.868656,
            19.069097
          ],
          [
            72.868649,
            19.068998
          ],
          [
            72.868651,
            19.068871
          ],
          [
            72.86902,
            19.068347
          ],
          [
            72.869486,
            19.067684
          ],
          [
            72.869581,
            19.067548
          ],
          [
            72.869635,
            19.06748
          ],
          [
            72.869602,
            19.067453
          ],
          [
            72.869574,
            19.067433
          ],
          [
            72.869417,
            19.067321
          ],
          [
            72.868924,
            19.066819
          ],
          [
            72.868853,
            19.066879
          ],
          [
            72.868517,
            19.067371
          ],
          [
            72.868406,
            19.067533
          ],
          [
            72.868365,
            19.067552
          ],
          [
            72.868356,
            19.0676
          ],
          [
            72.868351,
            19.067629
          ],
          [
            72.868349,
            19.067644
          ],
          [
            72.868304,
            19.067778
          ],
          [
            72.868248,
            19.067873
          ]
        ]
      }
    },
    {
      "type": "Feature",
      "properties": {
        "road_id": "REAL_R029",
        "from": "L006",
        "to": "L008",
        "distance_km": 0.622
      },
      "geometry": {
        "type": "LineString",
        "coordinates": [
          [
            72.889966,
            19.084754
          ],
          [
            72.890008,
            19.084749
          ],
          [
            72.890421,
            19.084701
          ],
          [
            72.89094,
            19.084707
          ],
          [
            72.891192,
            19.08471
          ],
          [
            72.891478,
            19.084758
          ],
          [
            72.891592,
            19.084777
          ],
          [
            72.891741,
            19.084802
          ],
          [
            72.89179,
            19.084818
          ],
          [
            72.892035,
            19.084898
          ],
          [
            72.892156,
            19.084938
          ],
          [
            72.892246,
            19.084967
          ],
          [
            72.892487,
            19.085048
          ],
          [
            72.892907,
            19.085198
          ],
          [
            72.893492,
            19.085409
          ],
          [
            72.893666,
            19.08547
          ],
          [
            72.894485,
            19.085763
          ],
          [
            72.894642,
            19.085824
          ],
          [
            72.894658,
            19.085926
          ],
          [
            72.89473,
            19.086372
          ],
          [
            72.894963,
            19.087265
          ],
          [
            72.895006,
            19.087332
          ],
          [
            72.895078,
            19.087365
          ],
          [
            72.895126,
            19.087371
          ],
          [
            72.895127,
            19.087756
          ],
          [
            72.895185,
            19.08795
          ]
        ]
      }
    },
    {
      "type": "Feature",
      "properties": {
        "road_id": "REAL_R030",
        "from": "L006",
        "to": "L010",
        "distance_km": 1.308
      },
      "geometry": {
        "type": "LineString",
        "coordinates": [
          [
            72.889966,
            19.084754
          ],
          [
            72.890008,
            19.084749
          ],
          [
            72.890421,
            19.084701
          ],
          [
            72.89094,
            19.084707
          ],
          [
            72.891192,
            19.08471
          ],
          [
            72.891478,
            19.084758
          ],
          [
            72.891592,
            19.084777
          ],
          [
            72.891741,
            19.084802
          ],
          [
            72.89179,
            19.084818
          ],
          [
            72.892035,
            19.084898
          ],
          [
            72.892156,
            19.084938
          ],
          [
            72.892246,
            19.084967
          ],
          [
            72.892487,
            19.085048
          ],
          [
            72.892907,
            19.085198
          ],
          [
            72.893492,
            19.085409
          ],
          [
            72.893666,
            19.08547
          ],
          [
            72.894485,
            19.085763
          ],
          [
            72.894642,
            19.085824
          ],
          [
            72.894955,
            19.085919
          ],
          [
            72.895196,
            19.085992
          ],
          [
            72.895434,
            19.086064
          ],
          [
            72.895547,
            19.086098
          ],
          [
            72.896358,
            19.086342
          ],
          [
            72.896811,
            19.086433
          ],
          [
            72.897438,
            19.086559
          ],
          [
            72.897942,
            19.086646
          ],
          [
            72.897959,
            19.08703
          ],
          [
            72.897994,
            19.087185
          ],
          [
            72.898107,
            19.087532
          ],
          [
            72.898129,
            19.0876
          ],
          [
            72.898155,
            19.087662
          ],
          [
            72.898253,
            19.087894
          ],
          [
            72.898306,
            19.088005
          ],
          [
            72.898341,
            19.088119
          ],
          [
            72.898349,
            19.088185
          ],
          [
            72.898455,
            19.088348
          ],
          [
            72.898521,
            19.088522
          ],
          [
            72.898563,
            19.088657
          ],
          [
            72.898679,
            19.089029
          ],
          [
            72.898756,
            19.089275
          ],
          [
            72.898879,
            19.089688
          ],
          [
            72.899067,
            19.089984
          ],
          [
            72.899134,
            19.09017
          ],
          [
            72.899169,
            19.090266
          ],
          [
            72.899177,
            19.090288
          ],
          [
            72.89926,
            19.090619
          ],
          [
            72.899412,
            19.090659
          ],
          [
            72.899473,
            19.090964
          ],
          [
            72.899563,
            19.091292
          ],
          [
            72.89964,
            19.091444
          ],
          [
            72.899755,
            19.091566
          ],
          [
            72.899857,
            19.091742
          ],
          [
            72.899928,
            19.091894
          ],
          [
            72.899977,
            19.092009
          ]
        ]
      }
    },
    {
      "type": "Feature",
      "properties": {
        "road_id": "REAL_R031",
        "from": "L007",
        "to": "L009",
        "distance_km": 0.476
      },
      "geometry": {
        "type": "LineString",
        "coordinates": [
          [
            72.872255,
            19.069917
          ],
          [
            72.872354,
            19.070191
          ],
          [
            72.872381,
            19.070295
          ],
          [
            72.872363,
            19.070595
          ],
          [
            72.872344,
            19.070657
          ],
          [
            72.872317,
            19.070729
          ],
          [
            72.872182,
            19.070839
          ],
          [
            72.872131,
            19.070875
          ],
          [
            72.872087,
            19.070901
          ],
          [
            72.871974,
            19.07094
          ],
          [
            72.871724,
            19.070884
          ],
          [
            72.871473,
            19.07082
          ],
          [
            72.871199,
            19.070714
          ],
          [
            72.870931,
            19.070585
          ],
          [
            72.870661,
            19.070428
          ],
          [
            72.869084,
            19.069449
          ],
          [
            72.868726,
            19.069227
          ],
          [
            72.868656,
            19.069097
          ],
          [
            72.868649,
            19.068998
          ],
          [
            72.868651,
            19.068871
          ],
          [
            72.86902,
            19.068347
          ],
          [
            72.869486,
            19.067684
          ],
          [
            72.869581,
            19.067548
          ],
          [
            72.869635,
            19.06748
          ],
          [
            72.869602,
            19.067453
          ],
          [
            72.869574,
            19.067433
          ],
          [
            72.869417,
            19.067321
          ],
          [
            72.868924,
            19.066819
          ],
          [
            72.868853,
            19.066879
          ],
          [
            72.868517,
            19.067371
          ],
          [
            72.868406,
            19.067533
          ],
          [
            72.868365,
            19.067552
          ],
          [
            72.868356,
            19.0676
          ],
          [
            72.868351,
            19.067629
          ],
          [
            72.868349,
            19.067644
          ],
          [
            72.868304,
            19.067778
          ],
          [
            72.868248,
            19.067873
          ]
        ]
      }
    },
    {
      "type": "Feature",
      "properties": {
        "road_id": "REAL_R032",
        "from": "L008",
        "to": "L010",
        "distance_km": 0.688
      },
      "geometry": {
        "type": "LineString",
        "coordinates": [
          [
            72.895185,
            19.08795
          ],
          [
            72.895127,
            19.087756
          ],
          [
            72.895126,
            19.087371
          ],
          [
            72.895078,
            19.087365
          ],
          [
            72.895006,
            19.087332
          ],
          [
            72.894963,
            19.087265
          ],
          [
            72.89473,
            19.086372
          ],
          [
            72.894658,
            19.085926
          ],
          [
            72.894642,
            19.085824
          ],
          [
            72.894955,
            19.085919
          ],
          [
            72.895196,
            19.085992
          ],
          [
            72.895434,
            19.086064
          ],
          [
            72.895547,
            19.086098
          ],
          [
            72.896358,
            19.086342
          ],
          [
            72.896811,
            19.086433
          ],
          [
            72.897438,
            19.086559
          ],
          [
            72.897942,
            19.086646
          ],
          [
            72.897959,
            19.08703
          ],
          [
            72.897994,
            19.087185
          ],
          [
            72.898107,
            19.087532
          ],
          [
            72.898129,
            19.0876
          ],
          [
            72.898155,
            19.087662
          ],
          [
            72.898253,
            19.087894
          ],
          [
            72.898306,
            19.088005
          ],
          [
            72.898341,
            19.088119
          ],
          [
            72.898349,
            19.088185
          ],
          [
            72.898455,
            19.088348
          ],
          [
            72.898521,
            19.088522
          ],
          [
            72.898563,
            19.088657
          ],
          [
            72.898679,
            19.089029
          ],
          [
            72.898756,
            19.089275
          ],
          [
            72.898879,
            19.089688
          ],
          [
            72.899067,
            19.089984
          ],
          [
            72.899134,
            19.09017
          ],
          [
            72.899169,
            19.090266
          ],
          [
            72.899177,
            19.090288
          ],
          [
            72.89926,
            19.090619
          ],
          [
            72.899412,
            19.090659
          ],
          [
            72.899473,
            19.090964
          ],
          [
            72.899563,
            19.091292
          ],
          [
            72.89964,
            19.091444
          ],
          [
            72.899755,
            19.091566
          ],
          [
            72.899857,
            19.091742
          ],
          [
            72.899928,
            19.091894
          ],
          [
            72.899977,
            19.092009
          ]
        ]
      }
    }
  ]
}